image_name,tags
57284,4 6 27 54 70 49 23 10 3 3
57225,3 10 40 62 67 38 19 10 6 3
57217,1 2 13 29 78 68 36 18 4 4
57252,5 22 34 58 63 25 9 6 2 1
57211,3 12 35 57 81 41 16 6 5 1
57222,1 11 35 61 61 47 21 8 0 2
56815,13 20 52 83 47 19 7 5 1 2
56828,0 6 17 21 56 67 45 29 5 6
57122,0 7 11 23 54 70 41 32 10 7
57198,3 9 31 54 79 42 19 7 1 2
57150,3 22 42 51 63 42 18 8 2 3
57279,1 6 14 32 58 58 45 29 6 5
57272,1 6 20 42 93 49 20 11 2 2
56445,0 13 24 55 65 51 24 15 3 2
57036,3 7 18 47 68 56 40 13 4 1
57299,2 8 15 31 62 58 35 21 12 8
57321,2 2 14 36 64 50 29 29 11 6
56925,14 17 33 61 63 41 9 5 1 2
57308,11 17 38 73 42 40 14 7 3 2
56275,0 2 5 13 29 43 63 40 24 27
57264,1 4 18 39 66 56 34 23 6 5
57058,18 24 42 55 56 34 11 4 2 0
57302,34 39 43 64 42 20 4 2 1 2
57095,3 3 14 25 65 55 38 37 14 7
57275,1 5 5 11 57 56 47 42 21 13
56468,21 17 35 56 45 33 20 5 4 1
57159,3 8 19 29 53 50 38 27 15 12
57031,41 67 61 49 27 2 3 0 0 1
56811,6 32 48 69 52 25 5 3 0 2
57282,17 37 51 57 40 23 10 5 2 2
56927,1 8 38 50 56 46 32 12 4 1
57248,4 10 35 77 81 32 17 5 0 2
57194,5 10 33 53 63 51 22 9 3 4
56428,9 34 56 57 54 21 8 1 0 1
56554,7 17 47 57 63 31 17 4 0 3
57078,2 4 12 35 52 58 39 28 4 8
57242,7 23 34 73 66 34 8 5 0 2
57204,6 12 21 42 73 48 26 17 5 4
57178,2 3 16 22 54 67 45 24 5 10
57325,3 16 32 47 70 44 17 8 2 4
56988,3 6 25 56 71 53 23 10 5 3
57137,3 13 38 59 64 35 23 5 1 2
56784,0 2 8 24 31 59 45 44 26 9
57110,6 12 30 42 59 56 26 14 2 4
56459,0 8 12 42 78 49 38 10 2 2
56726,2 9 32 51 59 54 21 15 5 3
56800,4 15 34 59 63 44 15 3 4 3
57306,2 5 21 14 59 66 48 19 13 7
56814,3 6 23 42 77 53 27 7 2 2
57261,3 1 5 16 37 59 56 45 26 14
56664,2 11 23 77 82 26 14 3 1 2
57029,1 4 7 32 64 61 38 21 17 7
57267,8 20 38 57 47 43 20 3 4 1
56848,1 6 15 47 92 47 19 11 1 4
57265,5 10 23 47 75 47 19 14 2 3
56652,1 2 8 20 56 81 43 28 7 6
57307,2 3 10 23 50 61 50 33 11 8
56668,1 10 11 28 49 66 44 30 13 6
57301,2 4 20 38 54 57 37 24 7 4
56709,10 21 29 44 44 41 19 15 14 4
57323,4 18 32 52 71 49 20 9 2 2
57218,0 1 4 6 17 42 56 58 54 45
57131,5 19 40 72 65 18 8 2 0 1
57268,3 7 10 45 75 55 19 16 10 2
57047,0 1 8 25 56 74 47 15 10 8
56847,3 12 27 51 62 52 28 9 3 5
57076,2 6 22 37 64 58 29 15 4 4
57189,2 9 22 55 66 50 29 7 3 4
56780,3 2 6 28 42 64 48 27 21 10
56938,1 7 17 40 84 56 31 13 6 1
57304,1 0 8 25 50 65 55 26 18 7
56711,0 0 8 11 26 47 48 56 30 22
57303,0 2 19 30 75 60 30 25 5 2
57221,1 3 10 39 51 61 39 29 5 7
